<?xml version="1.0" encoding="UTF-8"?>
<project-private xmlns="http://www.netbeans.org/ns/project-private/1">
    <editor-bookmarks xmlns="http://www.netbeans.org/ns/editor-bookmarks/2" lastBookmarkId="0"/>
    <open-files xmlns="http://www.netbeans.org/ns/projectui-open-files/2">
        <group>
            <file>file:/C:/Users/PC_06/Documents/NetBeansProjects/Ejercicio3/src/newpackage/Fabricantes.java</file>
            <file>file:/C:/Users/PC_06/Documents/NetBeansProjects/Ejercicio3/src/newpackage/Ventas.java</file>
            <file>file:/C:/Users/PC_06/Documents/NetBeansProjects/Ejercicio3/src/newpackage/Tienda.java</file>
            <file>file:/C:/Users/PC_06/Documents/NetBeansProjects/Ejercicio3/src/newpackage/appVentas.java</file>
            <file>file:/C:/Users/PC_06/Documents/NetBeansProjects/Ejercicio3/src/newpackage/Productos.java</file>
        </group>
    </open-files>
</project-private>
