<?xml version="1.0" encoding="UTF-8"?>
<project-private xmlns="http://www.netbeans.org/ns/project-private/1">
    <editor-bookmarks xmlns="http://www.netbeans.org/ns/editor-bookmarks/2" lastBookmarkId="0"/>
    <open-files xmlns="http://www.netbeans.org/ns/projectui-open-files/2">
        <group>
            <file>file:/C:/Users/chiqui/Downloads/Ejercicio4%20(2)/Ejercicio4/prestamos.txt</file>
            <file>file:/C:/Users/chiqui/Downloads/Ejercicio4%20(2)/Ejercicio4/src/newpackage/appBiblioteca.java</file>
            <file>file:/C:/Users/chiqui/Downloads/Ejercicio4%20(2)/Ejercicio4/src/newpackage/Prestamo.java</file>
            <file>file:/C:/Users/chiqui/Downloads/Ejercicio4%20(2)/Ejercicio4/src/newpackage/Libro.java</file>
            <file>file:/C:/Users/chiqui/Downloads/Ejercicio4%20(2)/Ejercicio4/src/newpackage/Biblioteca.java</file>
            <file>file:/C:/Users/chiqui/Downloads/Ejercicio4%20(2)/Ejercicio4/src/newpackage/Usuario.java</file>
            <file>file:/C:/Users/chiqui/Downloads/Ejercicio4%20(2)/Ejercicio4/catalogo.txt</file>
        </group>
    </open-files>
</project-private>
